{
  "files": [
    {
      "filepath": "D:/Code/principles/packages/principles-core/tests/bench/adapter-performance.bench.ts",
      "groups": [
        {
          "fullName": "tests/bench/adapter-performance.bench.ts > Pain Capture Performance (p99 target < 50ms)",
          "benchmarks": [
            {
              "id": "-1789654810_1_0",
              "name": "OpenClawPainAdapter: capture failure event",
              "rank": 2,
              "rme": 0.6205330766088591,
              "samples": [],
              "totalTime": 1000.0002999999663,
              "min": 0.0004999999998744897,
              "max": 3.022999999999911,
              "hz": 1660662.5018013055,
              "period": 0.0006021693143039655,
              "mean": 0.0006021693143039655,
              "variance": 0.0000060358227833506615,
              "sd": 0.002456791155827182,
              "sem": 0.0000019064590675739122,
              "df": 1660662,
              "critical": 1.96,
              "moe": 0.000003736659772444868,
              "p75": 0.0006000000000767614,
              "p99": 0.0013000000000147338,
              "p995": 0.0013000000001284207,
              "p999": 0.002599999999915781,
              "sampleCount": 1660663,
              "median": 0.0005999999999630745
            },
            {
              "id": "-1789654810_1_1",
              "name": "OpenClawPainAdapter: capture success event (null return)",
              "rank": 1,
              "rme": 0.16098815725488871,
              "samples": [],
              "totalTime": 1000.0000000001155,
              "min": 0,
              "max": 0.2514000000001033,
              "hz": 30726529.99999645,
              "period": 0.000032545165366870765,
              "mean": 0.000032545165366870765,
              "variance": 2.195645380777967e-8,
              "sd": 0.00014817710284581646,
              "sem": 2.6731562244735453e-8,
              "df": 30726529,
              "critical": 1.96,
              "moe": 5.2393861999681484e-8,
              "p75": 0.00009999999974752427,
              "p99": 0.00010000000020227162,
              "p995": 0.00010000000020227162,
              "p999": 0.0001999999999497959,
              "sampleCount": 30726530,
              "median": 0
            },
            {
              "id": "-1789654810_1_2",
              "name": "WritingPainAdapter: capture failure event",
              "rank": 3,
              "rme": 0.7581898595924291,
              "samples": [],
              "totalTime": 1000.0006000004487,
              "min": 0.0008999999990919605,
              "max": 3.016200000000026,
              "hz": 860831.4835007236,
              "period": 0.001161667549533996,
              "mean": 0.001161667549533996,
              "variance": 0.00001738304758246364,
              "sd": 0.004169298212225127,
              "sem": 0.000004493696715685008,
              "df": 860831,
              "critical": 1.96,
              "moe": 0.000008807645562742615,
              "p75": 0.0011999999987892807,
              "p99": 0.00120000000060827,
              "p995": 0.001299999999901047,
              "p999": 0.004800000000614091,
              "sampleCount": 860832,
              "median": 0.0010999999994965037
            }
          ]
        },
        {
          "fullName": "tests/bench/adapter-performance.bench.ts > Injection Performance (p99 target < 100ms)",
          "benchmarks": [
            {
              "id": "-1789654810_2_0",
              "name": "DefaultPrincipleInjector: getRelevantPrinciples (10 principles, 500 chars)",
              "rank": 2,
              "rme": 5.997184482597313,
              "samples": [],
              "totalTime": 1000.0038000002187,
              "min": 0.004899999999906868,
              "max": 30.556300000000192,
              "hz": 184819.2976866284,
              "period": 0.0054106904014728854,
              "mean": 0.0054106904014728854,
              "variance": 0.005065671337892308,
              "sd": 0.07117352975574773,
              "sem": 0.00016555565569311947,
              "df": 184819,
              "critical": 1.96,
              "moe": 0.00032448908515851415,
              "p75": 0.005199999999604188,
              "p99": 0.006400000000212458,
              "p995": 0.008699999998498242,
              "p999": 0.020700000000942964,
              "sampleCount": 184820,
              "median": 0.005100000000311411
            },
            {
              "id": "-1789654810_2_1",
              "name": "DefaultPrincipleInjector: getRelevantPrinciples (50 principles, 500 chars)",
              "rank": 3,
              "rme": 0.45138240410591507,
              "samples": [],
              "totalTime": 1000.028199999997,
              "min": 0.05680000000029395,
              "max": 1.3735000000015134,
              "hz": 16833.525294586743,
              "period": 0.05940526315789456,
              "mean": 0.05940526315789456,
              "variance": 0.0003150752423032343,
              "sd": 0.01775035893449015,
              "sem": 0.00013680862500385199,
              "df": 16833,
              "critical": 1.96,
              "moe": 0.0002681449050075499,
              "p75": 0.05830000000059954,
              "p99": 0.08849999999983993,
              "p995": 0.12379999999939173,
              "p999": 0.2559000000001106,
              "sampleCount": 16834,
              "median": 0.0577000000012049
            },
            {
              "id": "-1789654810_2_2",
              "name": "DefaultPrincipleInjector: getRelevantPrinciples (200 principles, 500 chars)",
              "rank": 4,
              "rme": 0.6276744990647641,
              "samples": [],
              "totalTime": 1000.0994000000228,
              "min": 0.24979999999959546,
              "max": 1.5048999999999069,
              "hz": 3820.6202303490163,
              "period": 0.2617376079560384,
              "mean": 0.2617376079560384,
              "variance": 0.0026845167763689492,
              "sd": 0.0518123226305186,
              "sem": 0.0008381939895929388,
              "df": 3820,
              "critical": 1.96,
              "moe": 0.0016428602196021601,
              "p75": 0.25710000000071886,
              "p99": 0.4131000000015774,
              "p995": 0.5262999999995372,
              "p999": 1.1908999999996013,
              "sampleCount": 3821,
              "median": 0.254399999999805
            },
            {
              "id": "-1789654810_2_3",
              "name": "DefaultPrincipleInjector: formatForInjection (single principle)",
              "rank": 1,
              "rme": 0.4411023134047167,
              "samples": [],
              "totalTime": 1000.0000000002528,
              "min": 0,
              "max": 1.6293000000005122,
              "hz": 15420132.9999961,
              "period": 0.00006485028371676515,
              "mean": 0.00006485028371676515,
              "variance": 3.284569143953033e-7,
              "sd": 0.0005731116072767182,
              "sem": 1.4594699067559863e-7,
              "df": 15420132,
              "critical": 1.96,
              "moe": 2.860561017241733e-7,
              "p75": 0.00010000000111176632,
              "p99": 0.00010000000111176632,
              "p995": 0.00010000000111176632,
              "p999": 0.00010000000111176632,
              "sampleCount": 15420133,
              "median": 0.00009999999929277692
            }
          ]
        }
      ]
    }
  ]
}